{
  "rag": {
    "accuracy": 0.85,
    "avg_response_time": 3.7004999999999995,
    "avg_confidence": 0.7600000000000001
  },
  "ft": {
    "accuracy": 0.8789999999999999,
    "avg_response_time": 1.0163,
    "avg_confidence": 0.8470000000000001
  }
}