{
  "rag": {
    "accuracy": 0.5999999999999999,
    "avg_response_time": 0.0,
    "avg_confidence": 0.29999999999999993
  },
  "ft": {
    "accuracy": 0.9021000000000001,
    "avg_response_time": 1.2925,
    "avg_confidence": 0.8063
  }
}